[
  {
    "nome": "Denis",
    "psn": "Mansell098",
    "xbox": "GMG Mansell",
    "steamId": "arcadianos",
    "retroUser": "DenisFaria"
  },
  {
    "nome": "Cesar",
    "psn": "Mmontagnani",
    "xbox": "HexagonalMango0",
    "steamId": "",
    "retroUser": ""
  },
  {
    "nome": "Marcelo",
    "psn": "Wonederz007",
    "xbox": "WonederS",
    "steamId": "Wonederz",
    "retroUser": "wonederz"
  },
  {
    "nome": "Renato",
    "psn": "renatocobain",
    "xbox": "tiao cobain",
    "steamId": "",
    "retroUser": ""
  },
  {
    "nome": "Luiz",
    "psn": "luizpalmeirense",
    "xbox": "luiz palmeirese",
    "steamId": "",
    "retroUser": ""
  },
  {
    "nome": "Weliton",
    "psn": "WelitonBalby",
    "xbox": "",
    "steamId": "",
    "retroUser": "wgbalby"
  },
  {
    "nome": "Nay",
    "psn": "",
    "xbox": "",
    "steamId": "",
    "retroUser": "nayborges"
  }
]